{"cameraMode":{"drawMode":0,"name":"Shaded","section":"Shading Mode"},"sceneLighting":true,"audioPlay":false,"sceneViewState":{"m_AlwaysRefresh":false,"showFog":true,"showSkybox":true,"showFlares":true,"showImageEffects":true,"showParticleSystems":true,"showVisualEffectGraphs":true,"m_FxEnabled":true},"in2DMode":false,"pivot":{"x":8.730729103088379,"y":18.685544967651368,"z":47.86600875854492},"rotation":{"x":0.06235114485025406,"y":-0.09774070233106613,"z":-0.006121444050222635,"w":-0.9932449460029602},"size":33.472801208496097,"orthographic":false}